text,label,predicted_sentiment
Schizophrenia is characterized by persistent delusions that disrupt an individualâ€™s ability to engage with reality.,negative,negative
"Major depressive disorder significantly impairs cognitive and emotional functioning, often leading to persistent feelings of hopelessness.",negative,negative
Auditory hallucinations in schizophrenia frequently involve distressing voices that contribute to severe emotional distress.,negative,negative
"Depression is associated with dysregulation of the hypothalamic-pituitary-adrenal axis, leading to chronic stress responses.",negative,negative
"Negative symptoms of schizophrenia, such as anhedonia and avolition, drastically reduce quality of life.",negative,negative
Persistent depressive disorder results in long-term emotional dysregulation and impaired social functioning.,negative,negative
Cognitive deficits in schizophrenia often prevent individuals from maintaining employment or independent living.,negative,negative
The chronic nature of depression increases the risk of suicide and self-harm behaviors.,negative,negative
"Schizophrenia is frequently associated with anosognosia, leading to poor treatment adherence.",negative,negative
"Major depressive disorder is a leading cause of disability worldwide, impairing daily functioning.",negative,negative
Hallucinations and delusions in schizophrenia contribute to profound social withdrawal and isolation.,negative,negative
"Depression leads to decreased neurogenesis in the hippocampus, further exacerbating cognitive decline.",negative,negative
"Individuals with schizophrenia often experience severe emotional blunting, impairing interpersonal relationships.",negative,negative
Suicide rates among individuals with major depressive disorder are significantly elevated compared to the general population.,negative,positive
"Schizophrenia is linked to increased oxidative stress, contributing to neural dysfunction.",negative,negative
"Treatment-resistant depression poses a major challenge, as standard pharmacological interventions often fail.",negative,negative
The social stigma associated with schizophrenia prevents many individuals from seeking adequate care.,negative,positive
"Chronic depression is linked to increased inflammation, which may further exacerbate mood disturbances.",negative,negative
The cognitive impairments associated with schizophrenia lead to difficulties in executive function and memory.,negative,negative
"Depression is frequently comorbid with anxiety disorders, worsening prognosis and treatment outcomes.",negative,negative
"Long-term schizophrenia is associated with structural brain changes, including reduced gray matter volume.",negative,negative
The recurrence of major depressive episodes increases the risk of future mood instability.,negative,negative
Individuals with schizophrenia have a significantly shorter life expectancy due to comorbid medical conditions and suicide risk.,negative,negative
Depression-related fatigue often results in significant impairments in occupational and social domains.,negative,negative
"Antipsychotic medications for schizophrenia often cause debilitating side effects, reducing patient compliance.",negative,negative
"Persistent depressive disorder often remains undiagnosed due to its chronic, insidious onset.",negative,positive
The unpredictability of psychotic episodes in schizophrenia creates a persistent sense of fear and instability.,negative,positive
"Depression has been linked to deficits in reward processing, leading to an inability to experience pleasure.",negative,negative
Cognitive dysfunction in schizophrenia prevents effective problem-solving and adaptive decision-making.,negative,negative
Individuals with treatment-resistant depression often undergo multiple medication trials without symptom relief.,negative,negative
"The negative symptoms of schizophrenia often resemble severe depressive states, making diagnosis challenging.",negative,negative
"Chronic depression alters neurobiological pathways, leading to long-term affective instability.",negative,negative
The delusions associated with schizophrenia often result in legal and social consequences.,negative,negative
Depression-related anhedonia impairs motivation and engagement in previously enjoyable activities.,negative,negative
Structural and functional abnormalities in the prefrontal cortex are common in individuals with schizophrenia.,negative,negative
"Depression is associated with increased amygdala hyperactivity, contributing to heightened emotional reactivity.",negative,positive
"Many individuals with schizophrenia experience persistent paranoia, making social interactions distressing.",negative,negative
Depression is often accompanied by ruminative thought patterns that perpetuate feelings of despair.,negative,negative
The long-term effects of schizophrenia often lead to financial instability and homelessness.,negative,negative
"Individuals with severe depression often develop psychomotor retardation, slowing movement and speech.",negative,negative
Chronic psychosis in schizophrenia is associated with progressive cognitive decline.,negative,negative
"Depression frequently leads to disruptions in circadian rhythms, exacerbating sleep disturbances.",negative,negative
The social withdrawal seen in schizophrenia contributes to profound loneliness and isolation.,negative,negative
Depression is associated with significant reductions in self-esteem and self-worth.,negative,negative
"Schizophrenia frequently co-occurs with substance use disorders, worsening treatment outcomes.",negative,negative
The course of major depressive disorder is often recurrent and progressively debilitating.,negative,negative
"Many individuals with schizophrenia experience anosognosia, leading them to reject psychiatric care.",negative,negative
The inability to regulate emotions in depression results in frequent episodes of distress and hopelessness.,negative,negative
Deficits in working memory and cognitive flexibility are hallmark features of schizophrenia.,negative,negative
"Depression increases the risk of cardiovascular disease, further reducing life expectancy.",negative,negative
"The prodromal phase of schizophrenia is often misdiagnosed, delaying early intervention.",negative,negative
Severe depression frequently leads to disruptions in interpersonal relationships and social support networks.,negative,negative
"Schizophrenia is associated with abnormalities in dopamine transmission, resulting in dysregulated thought processes.",negative,negative
Chronic depression increases the likelihood of suicidal ideation and self-harming behaviors.,negative,negative
"Individuals with schizophrenia often struggle with emotional expression, leading to misinterpretations in social settings.",negative,negative
Depression-related cognitive impairments interfere with academic and occupational success.,negative,negative
The unpredictability of psychotic symptoms makes schizophrenia one of the most challenging psychiatric disorders to manage.,negative,positive
"Depression frequently coexists with chronic pain conditions, further worsening quality of life.",negative,negative
"Individuals with schizophrenia often experience persistent persecutory delusions, leading to significant distress.",negative,negative
Treatment-resistant depression necessitates invasive interventions such as electroconvulsive therapy.,negative,negative
The chronic nature of schizophrenia often results in institutionalization or long-term disability.,negative,negative
"Depression can induce maladaptive coping strategies, including substance abuse and self-isolation.",negative,negative
The neurodegenerative aspects of schizophrenia contribute to ongoing cognitive and functional decline.,negative,negative
Depression-related executive dysfunction impairs goal-directed behavior and problem-solving abilities.,negative,negative
"Many individuals with schizophrenia lack insight into their condition, complicating treatment adherence.",negative,negative
"Depression often manifests with severe psychomotor agitation, making rest and relaxation difficult.",negative,negative
"The financial burden of schizophrenia treatment is substantial, often exceeding individual and family resources.",negative,negative
"Depression has a profound impact on physical health, increasing mortality risk.",negative,positive
Schizophrenia significantly impairs the ability to form and maintain meaningful relationships.,negative,negative
Depression leads to maladaptive cognitive distortions that reinforce negative self-perceptions.,negative,negative
The onset of schizophrenia in late adolescence disrupts academic and career trajectories.,negative,negative
Depression frequently results in loss of appetite and significant weight changes.,negative,negative
"Many individuals with schizophrenia face discrimination, further limiting social and occupational opportunities.",negative,negative
"Depression alters stress response systems, increasing susceptibility to future psychiatric disorders.",negative,negative
"The cognitive decline seen in schizophrenia worsens over time, contributing to disability.",negative,negative
"Depression is frequently underdiagnosed in elderly populations, leading to untreated suffering.",negative,negative
Psychotic episodes in schizophrenia can be unpredictable and dangerous.,negative,positive
Depression-related hopelessness significantly increases suicide risk.,negative,negative
"Individuals with schizophrenia often experience overwhelming paranoia, making daily interactions distressing.",negative,negative
"Depression is associated with chronic fatigue, limiting daily functioning.",negative,negative
The stigma of schizophrenia leads to widespread social rejection and isolation.,negative,negative
Depression frequently results in neuroinflammatory changes that contribute to disease progression.,negative,negative
"Many schizophrenia patients experience comorbid anxiety, worsening overall symptomatology.",negative,negative
"Depression disrupts attention and memory, impairing academic and occupational performance.",negative,negative
Schizophrenia is associated with increased mortality due to comorbid medical conditions.,negative,positive
"Depression reduces motivation to engage in self-care, leading to further health deterioration.",negative,negative
Schizophrenia often requires lifelong pharmacological intervention with significant side effects.,negative,negative
Depression exacerbates feelings of worthlessness and self-blame.,negative,negative
"Schizophrenia disrupts reality testing, making independent living difficult.",negative,negative
"Depression increases inflammation, potentially worsening psychiatric symptoms.",negative,negative
Many individuals with schizophrenia experience chronic unemployment and financial hardship.,negative,negative
"Depression is associated with disruptions in reward circuitry, reducing positive reinforcement.",negative,negative
Schizophrenia often leads to legal problems due to impaired judgment.,negative,negative
Depression is a major risk factor for developing cardiovascular disease.,negative,negative
Schizophrenia patients frequently require hospitalization due to acute symptom exacerbation.,negative,negative
Depression impairs the ability to experience positive emotions.,negative,negative
Schizophrenia significantly affects long-term psychosocial development.,negative,negative
"Depression disrupts emotional regulation, leading to frequent mood instability.",negative,negative
Schizophrenia-related hallucinations often cause severe distress and confusion.,negative,negative
Depression remains a leading contributor to global disability and suffering.,negative,positive
Early intervention in schizophrenia significantly improves long-term outcomes and functional recovery.,positive,positive
Many individuals with major depressive disorder experience substantial symptom relief with evidence-based treatment.,positive,positive
Cognitive remediation therapy has shown promise in improving executive function in individuals with schizophrenia.,positive,positive
Advances in neuroimaging have enhanced our understanding of the biological mechanisms underlying depression.,positive,positive
Peer support programs help individuals with schizophrenia build meaningful social connections.,positive,positive
Cognitive-behavioral therapy is an effective non-pharmacological treatment for depression.,positive,positive
Family psychoeducation significantly reduces relapse rates in schizophrenia.,positive,positive
Pharmacological innovations continue to improve the tolerability of antipsychotic medications.,positive,positive
"Remission from major depressive disorder is possible with a combination of therapy, medication, and lifestyle modifications.",positive,positive
Many individuals with schizophrenia develop strong coping mechanisms that enhance their quality of life.,positive,positive
Mindfulness-based interventions have been shown to reduce depressive symptoms and enhance well-being.,positive,positive
The development of long-acting injectable antipsychotics has improved medication adherence in schizophrenia.,positive,positive
Exercise has demonstrated neuroprotective effects in both schizophrenia and depression.,positive,positive
Social skills training helps individuals with schizophrenia engage more effectively in daily interactions.,positive,positive
Psychosocial rehabilitation programs support functional independence in individuals with severe mental illness.,positive,positive
Advances in genetic research are improving our ability to predict and prevent schizophrenia.,positive,positive
Digital mental health interventions are increasing access to evidence-based care for depression.,positive,positive
Supported employment programs significantly improve vocational outcomes for individuals with schizophrenia.,positive,positive
The stigma surrounding schizophrenia and depression is decreasing as public awareness grows.,positive,positive
"Many individuals with depression recover fully and lead fulfilling, meaningful lives.",positive,positive
Targeted therapies are being developed to address the negative symptoms of schizophrenia.,positive,positive
Remission rates for depression improve with personalized treatment approaches.,positive,positive
Structured physical activity programs have been shown to alleviate depressive symptoms.,positive,positive
Early detection of schizophrenia can lead to more effective and less invasive interventions.,positive,positive
Many people with lived experience of schizophrenia contribute to research and advocacy efforts.,positive,positive
Transcranial magnetic stimulation has emerged as an effective treatment for treatment-resistant depression.,positive,positive
Cognitive restructuring techniques help individuals with depression develop healthier thought patterns.,positive,positive
Individuals with schizophrenia can develop resilience through social support and therapy.,positive,positive
Personalized medicine is improving treatment outcomes in both depression and schizophrenia.,positive,positive
Many people with depression achieve long-term remission with appropriate care.,positive,positive
Psychosocial interventions empower individuals with schizophrenia to develop independent living skills.,positive,positive
Antidepressant medications continue to be refined for improved efficacy and fewer side effects.,positive,positive
Many individuals with schizophrenia experience periods of stability and high functioning.,positive,positive
"Lifestyle changes, such as improved sleep hygiene, can significantly benefit those with depression.",positive,positive
Peer-led initiatives are enhancing recovery-oriented approaches in schizophrenia care.,positive,positive
Cognitive-behavioral therapy for psychosis helps individuals manage distressing symptoms.,positive,positive
Individuals with depression often find relief through creative expression and therapeutic activities.,positive,positive
Supported housing programs improve autonomy and stability for individuals with schizophrenia.,positive,positive
Advances in artificial intelligence are aiding in early detection and treatment personalization for depression.,positive,positive
"Many individuals with schizophrenia develop insight into their condition, improving self-management.",positive,positive
Treatment engagement in depression leads to improved social and occupational functioning.,positive,positive
Functional neuroimaging studies are shedding light on the neural mechanisms of recovery in schizophrenia.,positive,positive
Social support networks play a crucial role in improving outcomes for individuals with depression.,positive,positive
Many individuals with schizophrenia successfully pursue higher education and professional careers.,positive,positive
Digital platforms are expanding access to mental health care for those with depression.,positive,positive
Family-based interventions enhance the well-being of individuals with schizophrenia and their relatives.,positive,positive
Many individuals with depression find long-term relief through holistic and integrative approaches.,positive,positive
Early psychosocial intervention reduces hospitalization rates in schizophrenia.,positive,positive
The development of novel antidepressants is improving treatment options for resistant depression.,positive,positive
Vocational rehabilitation programs help individuals with schizophrenia secure meaningful employment.,positive,positive
Advances in cognitive training have demonstrated efficacy in improving memory and attention in schizophrenia.,positive,positive
Many individuals with depression benefit from structured social and recreational activities.,positive,positive
Community-based programs provide essential support for those recovering from schizophrenia.,positive,positive
Advances in epigenetics are improving our understanding of depression and its potential reversibility.,positive,positive
Regular engagement in mindfulness and meditation can significantly reduce depressive symptoms.,positive,positive
Tailored psychotherapy approaches enhance treatment outcomes in individuals with schizophrenia.,positive,positive
Many individuals with depression experience increased well-being through gratitude-based interventions.,positive,positive
Psychoeducation empowers individuals with schizophrenia to take an active role in their recovery.,positive,positive
Nutritional psychiatry is emerging as a promising field for managing depression.,positive,positive
Digital therapeutics are making mental health care more accessible and effective.,positive,positive
People with schizophrenia often develop unique strengths and perspectives that contribute to creative endeavors.,positive,positive
Behavioral activation therapy has shown strong evidence for alleviating depressive symptoms.,positive,positive
Individuals with schizophrenia benefit from structured daily routines that promote stability.,positive,positive
Advances in neuromodulation techniques are providing new hope for treatment-resistant depression.,positive,positive
Many individuals with schizophrenia successfully manage their symptoms with a comprehensive care plan.,positive,positive
Depression is increasingly recognized as a treatable condition with a wide range of effective interventions.,positive,positive
Community integration efforts are improving the quality of life for individuals with schizophrenia.,positive,positive
Research into gut microbiota is revealing novel insights into the treatment of depression.,positive,positive
The global mental health movement is driving increased funding for schizophrenia and depression research.,positive,positive
Many individuals with depression report significant improvement with interpersonal therapy.,positive,positive
Recovery-oriented care models empower individuals with schizophrenia to achieve their personal goals.,positive,positive
Physical activity interventions are proving to be highly effective in reducing depressive episodes.,positive,positive
Mobile health applications are providing real-time support for individuals with schizophrenia.,positive,positive
Advances in neuroplasticity research are informing innovative treatments for depression.,positive,positive
Many individuals with schizophrenia build strong and supportive relationships with their peers.,positive,positive
"Self-help strategies, such as journaling, can contribute to improved mood in depression.",positive,positive
Public awareness campaigns are successfully reducing stigma around schizophrenia and depression.,positive,positive
"Genetic research is enhancing early risk detection for schizophrenia, allowing for preventive interventions.",positive,positive
Personalized cognitive training programs are improving cognitive function in schizophrenia.,positive,positive
Many individuals with depression report increased resilience after overcoming their symptoms.,positive,positive
Social prescribing is emerging as a valuable tool in managing depression.,positive,positive
"New developments in deep brain stimulation are offering hope for severe, treatment-resistant depression.",positive,positive
The use of virtual reality in therapy is enhancing treatment engagement for schizophrenia.,positive,positive
Many individuals with schizophrenia achieve long-term stability with structured support systems.,positive,positive
Narrative therapy helps individuals with depression reframe their experiences in a positive way.,positive,positive
Genetic counseling is helping individuals at risk for schizophrenia make informed health decisions.,positive,positive
Art therapy has been shown to enhance emotional expression and well-being in depression.,positive,positive
Advances in digital phenotyping are improving early detection of mood disorders.,positive,positive
Many individuals with schizophrenia develop strong problem-solving skills through cognitive rehabilitation.,positive,positive
Support groups provide valuable encouragement and shared experiences for individuals with depression.,positive,positive
Exercise interventions are improving cognitive function in individuals with schizophrenia.,positive,positive
Personalized medicine approaches are enhancing the effectiveness of antidepressant treatment.,positive,positive
Many individuals with schizophrenia experience improvements in symptom management over time.,positive,positive
Acceptance and commitment therapy has demonstrated efficacy in reducing depressive symptoms.,positive,positive
Integrated care models are improving outcomes for individuals with comorbid schizophrenia and depression.,positive,positive
Educational programs are increasing mental health literacy and reducing misconceptions about schizophrenia.,positive,positive
Animal-assisted therapy is proving beneficial for individuals with both depression and schizophrenia.,positive,positive
The growing emphasis on holistic approaches is enhancing treatment options for mood disorders.,positive,positive
Community-based peer mentoring programs are fostering empowerment and recovery in schizophrenia.,positive,positive
Advances in neuroscience continue to provide hope for more effective treatments for schizophrenia and depression.,positive,positive
